BUILDING_precision	BUILDING_recall	BUILDING_f1	BUILDING_number	LOC_precision	LOC_recall	LOC_f1	LOC_number	STREET_precision	STREET_recall	STREET_f1	STREET_number	overall_precision	overall_recall	overall_f1	overall_accuracy
0.1574074074074074	0.34	0.21518987341772153	50	0.7471819645732689	0.5873417721518988	0.6576895818568391	790	0.5416666666666666	0.65	0.5909090909090908	20	0.6560424966799469	0.5744186046511628	0.6125232486050837	0.9921446875616007
